{"predictions": [{"num_detections": 7, "detection_classes": [16, 16, 16, 16, 16, 16, 72], "detection_boxes": [[183.57334899902344, 41.12638473510742, 508.9951171875, 372.7073669433594], [13.881465911865234, 320.37713623046875, 509.7715148925781, 658.5293579101562], [126.7784423828125, 613.9069213867188, 512.0, 892.7542114257812], [29.986343383789062, 156.33392333984375, 512.0, 819.6865234375], [145.67140197753906, 466.2061462402344, 509.2132263183594, 674.1687622070312], [55.592063903808594, 70.05978393554688, 482.9869384765625, 562.793212890625], [175.6396942138672, 69.37940979003906, 512.0, 941.194580078125]], "detection_scores": [0.9802643060684204, 0.9746059775352478, 0.9467093348503113, 0.8578041195869446, 0.34598508477211, 0.05103383585810661, 0.07032709568738937]}]}